course,stub,status,msg
01-brake-systems-(ase-a5),C:\Automotive and Diesel LMS\content\courses\01-brake-systems-(ase-a5)\lectures\week-01-lecture.md,skipped,already_generated
01-brake-systems-(ase-a5),C:\Automotive and Diesel LMS\content\courses\01-brake-systems-(ase-a5)\lectures\week-02-lecture.md,ok,ok
01-brake-systems-(ase-a5),C:\Automotive and Diesel LMS\content\courses\01-brake-systems-(ase-a5)\lectures\week-03-lecture.md,ok,ok
01-brake-systems-(ase-a5),C:\Automotive and Diesel LMS\content\courses\01-brake-systems-(ase-a5)\lectures\week-04-lecture.md,ok,ok
01-brake-systems-(ase-a5),C:\Automotive and Diesel LMS\content\courses\01-brake-systems-(ase-a5)\lectures\week-05-lecture.md,ok,ok
01-brake-systems-(ase-a5),C:\Automotive and Diesel LMS\content\courses\01-brake-systems-(ase-a5)\lectures\week-06-lecture.md,ok,ok
01-brake-systems-(ase-a5),C:\Automotive and Diesel LMS\content\courses\01-brake-systems-(ase-a5)\lectures\week-07-lecture.md,ok,ok
01-brake-systems-(ase-a5),C:\Automotive and Diesel LMS\content\courses\01-brake-systems-(ase-a5)\lectures\week-08-lecture.md,ok,ok
01-brake-systems-(ase-a5),C:\Automotive and Diesel LMS\content\courses\01-brake-systems-(ase-a5)\lectures\week-09-lecture.md,ok,ok
01-brake-systems-(ase-a5),C:\Automotive and Diesel LMS\content\courses\01-brake-systems-(ase-a5)\lectures\week-10-lecture.md,ok,ok
01-brake-systems-ase-a5,C:\Automotive and Diesel LMS\content\courses\01-brake-systems-ase-a5\lectures\week-01-lecture.md,ok,ok
01-brake-systems-ase-a5,C:\Automotive and Diesel LMS\content\courses\01-brake-systems-ase-a5\lectures\week-02-lecture.md,ok,ok
01-brake-systems-ase-a5,C:\Automotive and Diesel LMS\content\courses\01-brake-systems-ase-a5\lectures\week-03-lecture.md,ok,ok
01-brake-systems-ase-a5,C:\Automotive and Diesel LMS\content\courses\01-brake-systems-ase-a5\lectures\week-04-lecture.md,ok,ok
01-brake-systems-ase-a5,C:\Automotive and Diesel LMS\content\courses\01-brake-systems-ase-a5\lectures\week-05-lecture.md,ok,ok
01-brake-systems-ase-a5,C:\Automotive and Diesel LMS\content\courses\01-brake-systems-ase-a5\lectures\week-06-lecture.md,ok,ok
01-brake-systems-ase-a5,C:\Automotive and Diesel LMS\content\courses\01-brake-systems-ase-a5\lectures\week-07-lecture.md,ok,ok
01-brake-systems-ase-a5,C:\Automotive and Diesel LMS\content\courses\01-brake-systems-ase-a5\lectures\week-08-lecture.md,ok,ok
01-brake-systems-ase-a5,C:\Automotive and Diesel LMS\content\courses\01-brake-systems-ase-a5\lectures\week-09-lecture.md,ok,ok
01-brake-systems-ase-a5,C:\Automotive and Diesel LMS\content\courses\01-brake-systems-ase-a5\lectures\week-10-lecture.md,ok,ok
02-engine-performance-i,C:\Automotive and Diesel LMS\content\courses\02-engine-performance-i\lectures\week-01-lecture.md,skipped,already_generated
02-engine-performance-i,C:\Automotive and Diesel LMS\content\courses\02-engine-performance-i\lectures\week-02-lecture.md,ok,ok
02-engine-performance-i,C:\Automotive and Diesel LMS\content\courses\02-engine-performance-i\lectures\week-03-lecture.md,ok,ok
02-engine-performance-i,C:\Automotive and Diesel LMS\content\courses\02-engine-performance-i\lectures\week-04-lecture.md,ok,ok
02-engine-performance-i,C:\Automotive and Diesel LMS\content\courses\02-engine-performance-i\lectures\week-05-lecture.md,ok,ok
02-engine-performance-i,C:\Automotive and Diesel LMS\content\courses\02-engine-performance-i\lectures\week-06-lecture.md,ok,ok
02-engine-performance-i,C:\Automotive and Diesel LMS\content\courses\02-engine-performance-i\lectures\week-07-lecture.md,ok,ok
02-engine-performance-i,C:\Automotive and Diesel LMS\content\courses\02-engine-performance-i\lectures\week-08-lecture.md,ok,ok
02-engine-performance-i,C:\Automotive and Diesel LMS\content\courses\02-engine-performance-i\lectures\week-09-lecture.md,ok,ok
02-engine-performance-i,C:\Automotive and Diesel LMS\content\courses\02-engine-performance-i\lectures\week-10-lecture.md,ok,ok
03-electrical-systems-fundamentals,C:\Automotive and Diesel LMS\content\courses\03-electrical-systems-fundamentals\lectures\week-01-lecture.md,skipped,already_generated
03-electrical-systems-fundamentals,C:\Automotive and Diesel LMS\content\courses\03-electrical-systems-fundamentals\lectures\week-02-lecture.md,ok,ok
03-electrical-systems-fundamentals,C:\Automotive and Diesel LMS\content\courses\03-electrical-systems-fundamentals\lectures\week-03-lecture.md,ok,ok
03-electrical-systems-fundamentals,C:\Automotive and Diesel LMS\content\courses\03-electrical-systems-fundamentals\lectures\week-04-lecture.md,ok,ok
03-electrical-systems-fundamentals,C:\Automotive and Diesel LMS\content\courses\03-electrical-systems-fundamentals\lectures\week-05-lecture.md,ok,ok
03-electrical-systems-fundamentals,C:\Automotive and Diesel LMS\content\courses\03-electrical-systems-fundamentals\lectures\week-06-lecture.md,ok,ok
03-electrical-systems-fundamentals,C:\Automotive and Diesel LMS\content\courses\03-electrical-systems-fundamentals\lectures\week-07-lecture.md,ok,ok
03-electrical-systems-fundamentals,C:\Automotive and Diesel LMS\content\courses\03-electrical-systems-fundamentals\lectures\week-08-lecture.md,ok,ok
03-electrical-systems-fundamentals,C:\Automotive and Diesel LMS\content\courses\03-electrical-systems-fundamentals\lectures\week-09-lecture.md,ok,ok
03-electrical-systems-fundamentals,C:\Automotive and Diesel LMS\content\courses\03-electrical-systems-fundamentals\lectures\week-10-lecture.md,ok,ok
04-suspension-and-steering,C:\Automotive and Diesel LMS\content\courses\04-suspension-and-steering\lectures\week-01-lecture.md,ok,ok
04-suspension-and-steering,C:\Automotive and Diesel LMS\content\courses\04-suspension-and-steering\lectures\week-02-lecture.md,ok,ok
04-suspension-and-steering,C:\Automotive and Diesel LMS\content\courses\04-suspension-and-steering\lectures\week-03-lecture.md,ok,ok
04-suspension-and-steering,C:\Automotive and Diesel LMS\content\courses\04-suspension-and-steering\lectures\week-04-lecture.md,ok,ok
04-suspension-and-steering,C:\Automotive and Diesel LMS\content\courses\04-suspension-and-steering\lectures\week-05-lecture.md,ok,ok
04-suspension-and-steering,C:\Automotive and Diesel LMS\content\courses\04-suspension-and-steering\lectures\week-06-lecture.md,ok,ok
04-suspension-and-steering,C:\Automotive and Diesel LMS\content\courses\04-suspension-and-steering\lectures\week-07-lecture.md,ok,ok
04-suspension-and-steering,C:\Automotive and Diesel LMS\content\courses\04-suspension-and-steering\lectures\week-08-lecture.md,ok,ok
04-suspension-and-steering,C:\Automotive and Diesel LMS\content\courses\04-suspension-and-steering\lectures\week-09-lecture.md,ok,ok
04-suspension-and-steering,C:\Automotive and Diesel LMS\content\courses\04-suspension-and-steering\lectures\week-10-lecture.md,ok,ok
04-suspension-steering,C:\Automotive and Diesel LMS\content\courses\04-suspension-steering\lectures\week-01-lecture.md,ok,ok
04-suspension-steering,C:\Automotive and Diesel LMS\content\courses\04-suspension-steering\lectures\week-02-lecture.md,ok,ok
04-suspension-steering,C:\Automotive and Diesel LMS\content\courses\04-suspension-steering\lectures\week-03-lecture.md,ok,ok
04-suspension-steering,C:\Automotive and Diesel LMS\content\courses\04-suspension-steering\lectures\week-04-lecture.md,ok,ok
04-suspension-steering,C:\Automotive and Diesel LMS\content\courses\04-suspension-steering\lectures\week-05-lecture.md,ok,ok
04-suspension-steering,C:\Automotive and Diesel LMS\content\courses\04-suspension-steering\lectures\week-06-lecture.md,ok,ok
04-suspension-steering,C:\Automotive and Diesel LMS\content\courses\04-suspension-steering\lectures\week-07-lecture.md,ok,ok
04-suspension-steering,C:\Automotive and Diesel LMS\content\courses\04-suspension-steering\lectures\week-08-lecture.md,ok,ok
04-suspension-steering,C:\Automotive and Diesel LMS\content\courses\04-suspension-steering\lectures\week-09-lecture.md,ok,ok
04-suspension-steering,C:\Automotive and Diesel LMS\content\courses\04-suspension-steering\lectures\week-10-lecture.md,ok,ok
05-automatic-transmissions,C:\Automotive and Diesel LMS\content\courses\05-automatic-transmissions\lectures\week-01-lecture.md,ok,ok
05-automatic-transmissions,C:\Automotive and Diesel LMS\content\courses\05-automatic-transmissions\lectures\week-02-lecture.md,ok,ok
05-automatic-transmissions,C:\Automotive and Diesel LMS\content\courses\05-automatic-transmissions\lectures\week-03-lecture.md,ok,ok
05-automatic-transmissions,C:\Automotive and Diesel LMS\content\courses\05-automatic-transmissions\lectures\week-04-lecture.md,ok,ok
05-automatic-transmissions,C:\Automotive and Diesel LMS\content\courses\05-automatic-transmissions\lectures\week-05-lecture.md,ok,ok
05-automatic-transmissions,C:\Automotive and Diesel LMS\content\courses\05-automatic-transmissions\lectures\week-06-lecture.md,ok,ok
05-automatic-transmissions,C:\Automotive and Diesel LMS\content\courses\05-automatic-transmissions\lectures\week-07-lecture.md,ok,ok
05-automatic-transmissions,C:\Automotive and Diesel LMS\content\courses\05-automatic-transmissions\lectures\week-08-lecture.md,ok,ok
05-automatic-transmissions,C:\Automotive and Diesel LMS\content\courses\05-automatic-transmissions\lectures\week-09-lecture.md,ok,ok
05-automatic-transmissions,C:\Automotive and Diesel LMS\content\courses\05-automatic-transmissions\lectures\week-10-lecture.md,ok,ok
06-diesel-engine-operation,C:\Automotive and Diesel LMS\content\courses\06-diesel-engine-operation\lectures\week-01-lecture.md,ok,ok
06-diesel-engine-operation,C:\Automotive and Diesel LMS\content\courses\06-diesel-engine-operation\lectures\week-02-lecture.md,ok,ok
06-diesel-engine-operation,C:\Automotive and Diesel LMS\content\courses\06-diesel-engine-operation\lectures\week-03-lecture.md,ok,ok
06-diesel-engine-operation,C:\Automotive and Diesel LMS\content\courses\06-diesel-engine-operation\lectures\week-04-lecture.md,ok,ok
06-diesel-engine-operation,C:\Automotive and Diesel LMS\content\courses\06-diesel-engine-operation\lectures\week-05-lecture.md,ok,ok
06-diesel-engine-operation,C:\Automotive and Diesel LMS\content\courses\06-diesel-engine-operation\lectures\week-06-lecture.md,ok,ok
06-diesel-engine-operation,C:\Automotive and Diesel LMS\content\courses\06-diesel-engine-operation\lectures\week-07-lecture.md,ok,ok
06-diesel-engine-operation,C:\Automotive and Diesel LMS\content\courses\06-diesel-engine-operation\lectures\week-08-lecture.md,ok,ok
06-diesel-engine-operation,C:\Automotive and Diesel LMS\content\courses\06-diesel-engine-operation\lectures\week-09-lecture.md,ok,ok
06-diesel-engine-operation,C:\Automotive and Diesel LMS\content\courses\06-diesel-engine-operation\lectures\week-10-lecture.md,ok,ok
07-diesel-fuel-systems,C:\Automotive and Diesel LMS\content\courses\07-diesel-fuel-systems\lectures\week-01-lecture.md,ok,ok
07-diesel-fuel-systems,C:\Automotive and Diesel LMS\content\courses\07-diesel-fuel-systems\lectures\week-02-lecture.md,ok,ok
07-diesel-fuel-systems,C:\Automotive and Diesel LMS\content\courses\07-diesel-fuel-systems\lectures\week-03-lecture.md,ok,ok
07-diesel-fuel-systems,C:\Automotive and Diesel LMS\content\courses\07-diesel-fuel-systems\lectures\week-04-lecture.md,ok,ok
07-diesel-fuel-systems,C:\Automotive and Diesel LMS\content\courses\07-diesel-fuel-systems\lectures\week-05-lecture.md,ok,ok
07-diesel-fuel-systems,C:\Automotive and Diesel LMS\content\courses\07-diesel-fuel-systems\lectures\week-06-lecture.md,ok,ok
07-diesel-fuel-systems,C:\Automotive and Diesel LMS\content\courses\07-diesel-fuel-systems\lectures\week-07-lecture.md,ok,ok
07-diesel-fuel-systems,C:\Automotive and Diesel LMS\content\courses\07-diesel-fuel-systems\lectures\week-08-lecture.md,ok,ok
07-diesel-fuel-systems,C:\Automotive and Diesel LMS\content\courses\07-diesel-fuel-systems\lectures\week-09-lecture.md,ok,ok
07-diesel-fuel-systems,C:\Automotive and Diesel LMS\content\courses\07-diesel-fuel-systems\lectures\week-10-lecture.md,ok,ok
08-air-intake-and-exhaust-systems,C:\Automotive and Diesel LMS\content\courses\08-air-intake-and-exhaust-systems\lectures\week-01-lecture.md,ok,ok
08-air-intake-and-exhaust-systems,C:\Automotive and Diesel LMS\content\courses\08-air-intake-and-exhaust-systems\lectures\week-02-lecture.md,ok,ok
08-air-intake-and-exhaust-systems,C:\Automotive and Diesel LMS\content\courses\08-air-intake-and-exhaust-systems\lectures\week-03-lecture.md,ok,ok
08-air-intake-and-exhaust-systems,C:\Automotive and Diesel LMS\content\courses\08-air-intake-and-exhaust-systems\lectures\week-04-lecture.md,ok,ok
08-air-intake-and-exhaust-systems,C:\Automotive and Diesel LMS\content\courses\08-air-intake-and-exhaust-systems\lectures\week-05-lecture.md,ok,ok
08-air-intake-and-exhaust-systems,C:\Automotive and Diesel LMS\content\courses\08-air-intake-and-exhaust-systems\lectures\week-06-lecture.md,ok,ok
08-air-intake-and-exhaust-systems,C:\Automotive and Diesel LMS\content\courses\08-air-intake-and-exhaust-systems\lectures\week-07-lecture.md,ok,ok
08-air-intake-and-exhaust-systems,C:\Automotive and Diesel LMS\content\courses\08-air-intake-and-exhaust-systems\lectures\week-08-lecture.md,ok,ok
08-air-intake-and-exhaust-systems,C:\Automotive and Diesel LMS\content\courses\08-air-intake-and-exhaust-systems\lectures\week-09-lecture.md,ok,ok
08-air-intake-and-exhaust-systems,C:\Automotive and Diesel LMS\content\courses\08-air-intake-and-exhaust-systems\lectures\week-10-lecture.md,ok,ok
08-air-intake-exhaust-systems,C:\Automotive and Diesel LMS\content\courses\08-air-intake-exhaust-systems\lectures\week-01-lecture.md,ok,ok
08-air-intake-exhaust-systems,C:\Automotive and Diesel LMS\content\courses\08-air-intake-exhaust-systems\lectures\week-02-lecture.md,ok,ok
08-air-intake-exhaust-systems,C:\Automotive and Diesel LMS\content\courses\08-air-intake-exhaust-systems\lectures\week-03-lecture.md,ok,ok
08-air-intake-exhaust-systems,C:\Automotive and Diesel LMS\content\courses\08-air-intake-exhaust-systems\lectures\week-04-lecture.md,ok,ok
08-air-intake-exhaust-systems,C:\Automotive and Diesel LMS\content\courses\08-air-intake-exhaust-systems\lectures\week-05-lecture.md,ok,ok
08-air-intake-exhaust-systems,C:\Automotive and Diesel LMS\content\courses\08-air-intake-exhaust-systems\lectures\week-06-lecture.md,ok,ok
08-air-intake-exhaust-systems,C:\Automotive and Diesel LMS\content\courses\08-air-intake-exhaust-systems\lectures\week-07-lecture.md,ok,ok
08-air-intake-exhaust-systems,C:\Automotive and Diesel LMS\content\courses\08-air-intake-exhaust-systems\lectures\week-08-lecture.md,ok,ok
08-air-intake-exhaust-systems,C:\Automotive and Diesel LMS\content\courses\08-air-intake-exhaust-systems\lectures\week-09-lecture.md,ok,ok
08-air-intake-exhaust-systems,C:\Automotive and Diesel LMS\content\courses\08-air-intake-exhaust-systems\lectures\week-10-lecture.md,ok,ok
09-electric-vehicle-fundamentals,C:\Automotive and Diesel LMS\content\courses\09-electric-vehicle-fundamentals\lectures\week-01-lecture.md,ok,ok
09-electric-vehicle-fundamentals,C:\Automotive and Diesel LMS\content\courses\09-electric-vehicle-fundamentals\lectures\week-02-lecture.md,ok,ok
09-electric-vehicle-fundamentals,C:\Automotive and Diesel LMS\content\courses\09-electric-vehicle-fundamentals\lectures\week-03-lecture.md,ok,ok
09-electric-vehicle-fundamentals,C:\Automotive and Diesel LMS\content\courses\09-electric-vehicle-fundamentals\lectures\week-04-lecture.md,ok,ok
09-electric-vehicle-fundamentals,C:\Automotive and Diesel LMS\content\courses\09-electric-vehicle-fundamentals\lectures\week-05-lecture.md,ok,ok
09-electric-vehicle-fundamentals,C:\Automotive and Diesel LMS\content\courses\09-electric-vehicle-fundamentals\lectures\week-06-lecture.md,ok,ok
09-electric-vehicle-fundamentals,C:\Automotive and Diesel LMS\content\courses\09-electric-vehicle-fundamentals\lectures\week-07-lecture.md,ok,ok
09-electric-vehicle-fundamentals,C:\Automotive and Diesel LMS\content\courses\09-electric-vehicle-fundamentals\lectures\week-08-lecture.md,ok,ok
09-electric-vehicle-fundamentals,C:\Automotive and Diesel LMS\content\courses\09-electric-vehicle-fundamentals\lectures\week-09-lecture.md,ok,ok
09-electric-vehicle-fundamentals,C:\Automotive and Diesel LMS\content\courses\09-electric-vehicle-fundamentals\lectures\week-10-lecture.md,ok,ok
10-hybrid-vehicle-systems,C:\Automotive and Diesel LMS\content\courses\10-hybrid-vehicle-systems\lectures\week-01-lecture.md,ok,ok
10-hybrid-vehicle-systems,C:\Automotive and Diesel LMS\content\courses\10-hybrid-vehicle-systems\lectures\week-02-lecture.md,ok,ok
10-hybrid-vehicle-systems,C:\Automotive and Diesel LMS\content\courses\10-hybrid-vehicle-systems\lectures\week-03-lecture.md,ok,ok
10-hybrid-vehicle-systems,C:\Automotive and Diesel LMS\content\courses\10-hybrid-vehicle-systems\lectures\week-04-lecture.md,ok,ok
10-hybrid-vehicle-systems,C:\Automotive and Diesel LMS\content\courses\10-hybrid-vehicle-systems\lectures\week-05-lecture.md,ok,ok
10-hybrid-vehicle-systems,C:\Automotive and Diesel LMS\content\courses\10-hybrid-vehicle-systems\lectures\week-06-lecture.md,ok,ok
10-hybrid-vehicle-systems,C:\Automotive and Diesel LMS\content\courses\10-hybrid-vehicle-systems\lectures\week-07-lecture.md,ok,ok
10-hybrid-vehicle-systems,C:\Automotive and Diesel LMS\content\courses\10-hybrid-vehicle-systems\lectures\week-08-lecture.md,ok,ok
10-hybrid-vehicle-systems,C:\Automotive and Diesel LMS\content\courses\10-hybrid-vehicle-systems\lectures\week-09-lecture.md,ok,ok
10-hybrid-vehicle-systems,C:\Automotive and Diesel LMS\content\courses\10-hybrid-vehicle-systems\lectures\week-10-lecture.md,ok,ok
11-ev-battery-technology,C:\Automotive and Diesel LMS\content\courses\11-ev-battery-technology\lectures\week-01-lecture.md,ok,ok
11-ev-battery-technology,C:\Automotive and Diesel LMS\content\courses\11-ev-battery-technology\lectures\week-02-lecture.md,ok,ok
11-ev-battery-technology,C:\Automotive and Diesel LMS\content\courses\11-ev-battery-technology\lectures\week-03-lecture.md,ok,ok
11-ev-battery-technology,C:\Automotive and Diesel LMS\content\courses\11-ev-battery-technology\lectures\week-04-lecture.md,ok,ok
11-ev-battery-technology,C:\Automotive and Diesel LMS\content\courses\11-ev-battery-technology\lectures\week-05-lecture.md,ok,ok
11-ev-battery-technology,C:\Automotive and Diesel LMS\content\courses\11-ev-battery-technology\lectures\week-06-lecture.md,ok,ok
11-ev-battery-technology,C:\Automotive and Diesel LMS\content\courses\11-ev-battery-technology\lectures\week-07-lecture.md,ok,ok
11-ev-battery-technology,C:\Automotive and Diesel LMS\content\courses\11-ev-battery-technology\lectures\week-08-lecture.md,ok,ok
11-ev-battery-technology,C:\Automotive and Diesel LMS\content\courses\11-ev-battery-technology\lectures\week-09-lecture.md,ok,ok
11-ev-battery-technology,C:\Automotive and Diesel LMS\content\courses\11-ev-battery-technology\lectures\week-10-lecture.md,ok,ok
12-virtual-lab-safety-and-tools,C:\Automotive and Diesel LMS\content\courses\12-virtual-lab-safety-and-tools\lectures\week-01-lecture.md,ok,ok
12-virtual-lab-safety-and-tools,C:\Automotive and Diesel LMS\content\courses\12-virtual-lab-safety-and-tools\lectures\week-02-lecture.md,ok,ok
12-virtual-lab-safety-and-tools,C:\Automotive and Diesel LMS\content\courses\12-virtual-lab-safety-and-tools\lectures\week-03-lecture.md,ok,ok
12-virtual-lab-safety-and-tools,C:\Automotive and Diesel LMS\content\courses\12-virtual-lab-safety-and-tools\lectures\week-04-lecture.md,ok,ok
12-virtual-lab-safety-and-tools,C:\Automotive and Diesel LMS\content\courses\12-virtual-lab-safety-and-tools\lectures\week-05-lecture.md,ok,ok
12-virtual-lab-safety-and-tools,C:\Automotive and Diesel LMS\content\courses\12-virtual-lab-safety-and-tools\lectures\week-06-lecture.md,ok,ok
12-virtual-lab-safety-and-tools,C:\Automotive and Diesel LMS\content\courses\12-virtual-lab-safety-and-tools\lectures\week-07-lecture.md,ok,ok
12-virtual-lab-safety-and-tools,C:\Automotive and Diesel LMS\content\courses\12-virtual-lab-safety-and-tools\lectures\week-08-lecture.md,ok,ok
12-virtual-lab-safety-and-tools,C:\Automotive and Diesel LMS\content\courses\12-virtual-lab-safety-and-tools\lectures\week-09-lecture.md,ok,ok
12-virtual-lab-safety-and-tools,C:\Automotive and Diesel LMS\content\courses\12-virtual-lab-safety-and-tools\lectures\week-10-lecture.md,ok,ok
12-virtual-lab-safety-tools,C:\Automotive and Diesel LMS\content\courses\12-virtual-lab-safety-tools\lectures\week-01-lecture.md,ok,ok
12-virtual-lab-safety-tools,C:\Automotive and Diesel LMS\content\courses\12-virtual-lab-safety-tools\lectures\week-02-lecture.md,ok,ok
12-virtual-lab-safety-tools,C:\Automotive and Diesel LMS\content\courses\12-virtual-lab-safety-tools\lectures\week-03-lecture.md,ok,ok
12-virtual-lab-safety-tools,C:\Automotive and Diesel LMS\content\courses\12-virtual-lab-safety-tools\lectures\week-04-lecture.md,ok,ok
12-virtual-lab-safety-tools,C:\Automotive and Diesel LMS\content\courses\12-virtual-lab-safety-tools\lectures\week-05-lecture.md,ok,ok
12-virtual-lab-safety-tools,C:\Automotive and Diesel LMS\content\courses\12-virtual-lab-safety-tools\lectures\week-06-lecture.md,ok,ok
12-virtual-lab-safety-tools,C:\Automotive and Diesel LMS\content\courses\12-virtual-lab-safety-tools\lectures\week-07-lecture.md,ok,ok
12-virtual-lab-safety-tools,C:\Automotive and Diesel LMS\content\courses\12-virtual-lab-safety-tools\lectures\week-08-lecture.md,ok,ok
12-virtual-lab-safety-tools,C:\Automotive and Diesel LMS\content\courses\12-virtual-lab-safety-tools\lectures\week-09-lecture.md,ok,ok
12-virtual-lab-safety-tools,C:\Automotive and Diesel LMS\content\courses\12-virtual-lab-safety-tools\lectures\week-10-lecture.md,ok,ok
13-virtual-diagnostic-procedures,C:\Automotive and Diesel LMS\content\courses\13-virtual-diagnostic-procedures\lectures\week-01-lecture.md,ok,ok
13-virtual-diagnostic-procedures,C:\Automotive and Diesel LMS\content\courses\13-virtual-diagnostic-procedures\lectures\week-02-lecture.md,ok,ok
13-virtual-diagnostic-procedures,C:\Automotive and Diesel LMS\content\courses\13-virtual-diagnostic-procedures\lectures\week-03-lecture.md,ok,ok
13-virtual-diagnostic-procedures,C:\Automotive and Diesel LMS\content\courses\13-virtual-diagnostic-procedures\lectures\week-04-lecture.md,ok,ok
13-virtual-diagnostic-procedures,C:\Automotive and Diesel LMS\content\courses\13-virtual-diagnostic-procedures\lectures\week-05-lecture.md,ok,ok
13-virtual-diagnostic-procedures,C:\Automotive and Diesel LMS\content\courses\13-virtual-diagnostic-procedures\lectures\week-06-lecture.md,ok,ok
13-virtual-diagnostic-procedures,C:\Automotive and Diesel LMS\content\courses\13-virtual-diagnostic-procedures\lectures\week-07-lecture.md,ok,ok
13-virtual-diagnostic-procedures,C:\Automotive and Diesel LMS\content\courses\13-virtual-diagnostic-procedures\lectures\week-08-lecture.md,ok,ok
13-virtual-diagnostic-procedures,C:\Automotive and Diesel LMS\content\courses\13-virtual-diagnostic-procedures\lectures\week-09-lecture.md,ok,ok
13-virtual-diagnostic-procedures,C:\Automotive and Diesel LMS\content\courses\13-virtual-diagnostic-procedures\lectures\week-10-lecture.md,ok,ok
14-advanced-engine-diagnostics,C:\Automotive and Diesel LMS\content\courses\14-advanced-engine-diagnostics\lectures\week-01-lecture.md,ok,ok
14-advanced-engine-diagnostics,C:\Automotive and Diesel LMS\content\courses\14-advanced-engine-diagnostics\lectures\week-02-lecture.md,ok,ok
14-advanced-engine-diagnostics,C:\Automotive and Diesel LMS\content\courses\14-advanced-engine-diagnostics\lectures\week-03-lecture.md,ok,ok
14-advanced-engine-diagnostics,C:\Automotive and Diesel LMS\content\courses\14-advanced-engine-diagnostics\lectures\week-04-lecture.md,ok,ok
14-advanced-engine-diagnostics,C:\Automotive and Diesel LMS\content\courses\14-advanced-engine-diagnostics\lectures\week-05-lecture.md,ok,ok
14-advanced-engine-diagnostics,C:\Automotive and Diesel LMS\content\courses\14-advanced-engine-diagnostics\lectures\week-06-lecture.md,ok,ok
14-advanced-engine-diagnostics,C:\Automotive and Diesel LMS\content\courses\14-advanced-engine-diagnostics\lectures\week-07-lecture.md,ok,ok
14-advanced-engine-diagnostics,C:\Automotive and Diesel LMS\content\courses\14-advanced-engine-diagnostics\lectures\week-08-lecture.md,ok,ok
14-advanced-engine-diagnostics,C:\Automotive and Diesel LMS\content\courses\14-advanced-engine-diagnostics\lectures\week-09-lecture.md,ok,ok
14-advanced-engine-diagnostics,C:\Automotive and Diesel LMS\content\courses\14-advanced-engine-diagnostics\lectures\week-10-lecture.md,ok,ok
15-automotive-network-systems,C:\Automotive and Diesel LMS\content\courses\15-automotive-network-systems\lectures\week-01-lecture.md,ok,ok
15-automotive-network-systems,C:\Automotive and Diesel LMS\content\courses\15-automotive-network-systems\lectures\week-02-lecture.md,ok,ok
15-automotive-network-systems,C:\Automotive and Diesel LMS\content\courses\15-automotive-network-systems\lectures\week-03-lecture.md,ok,ok
15-automotive-network-systems,C:\Automotive and Diesel LMS\content\courses\15-automotive-network-systems\lectures\week-04-lecture.md,ok,ok
15-automotive-network-systems,C:\Automotive and Diesel LMS\content\courses\15-automotive-network-systems\lectures\week-05-lecture.md,ok,ok
15-automotive-network-systems,C:\Automotive and Diesel LMS\content\courses\15-automotive-network-systems\lectures\week-06-lecture.md,ok,ok
15-automotive-network-systems,C:\Automotive and Diesel LMS\content\courses\15-automotive-network-systems\lectures\week-07-lecture.md,ok,ok
15-automotive-network-systems,C:\Automotive and Diesel LMS\content\courses\15-automotive-network-systems\lectures\week-08-lecture.md,ok,ok
15-automotive-network-systems,C:\Automotive and Diesel LMS\content\courses\15-automotive-network-systems\lectures\week-09-lecture.md,ok,ok
15-automotive-network-systems,C:\Automotive and Diesel LMS\content\courses\15-automotive-network-systems\lectures\week-10-lecture.md,ok,ok
16-adas-and-driver-assistance,C:\Automotive and Diesel LMS\content\courses\16-adas-and-driver-assistance\lectures\week-01-lecture.md,ok,ok
16-adas-and-driver-assistance,C:\Automotive and Diesel LMS\content\courses\16-adas-and-driver-assistance\lectures\week-02-lecture.md,ok,ok
16-adas-and-driver-assistance,C:\Automotive and Diesel LMS\content\courses\16-adas-and-driver-assistance\lectures\week-03-lecture.md,ok,ok
16-adas-and-driver-assistance,C:\Automotive and Diesel LMS\content\courses\16-adas-and-driver-assistance\lectures\week-04-lecture.md,ok,ok
16-adas-and-driver-assistance,C:\Automotive and Diesel LMS\content\courses\16-adas-and-driver-assistance\lectures\week-05-lecture.md,ok,ok
16-adas-and-driver-assistance,C:\Automotive and Diesel LMS\content\courses\16-adas-and-driver-assistance\lectures\week-06-lecture.md,ok,ok
16-adas-and-driver-assistance,C:\Automotive and Diesel LMS\content\courses\16-adas-and-driver-assistance\lectures\week-07-lecture.md,ok,ok
16-adas-and-driver-assistance,C:\Automotive and Diesel LMS\content\courses\16-adas-and-driver-assistance\lectures\week-08-lecture.md,ok,ok
16-adas-and-driver-assistance,C:\Automotive and Diesel LMS\content\courses\16-adas-and-driver-assistance\lectures\week-09-lecture.md,ok,ok
16-adas-and-driver-assistance,C:\Automotive and Diesel LMS\content\courses\16-adas-and-driver-assistance\lectures\week-10-lecture.md,ok,ok
16-adas-driver-assistance,C:\Automotive and Diesel LMS\content\courses\16-adas-driver-assistance\lectures\week-01-lecture.md,ok,ok
16-adas-driver-assistance,C:\Automotive and Diesel LMS\content\courses\16-adas-driver-assistance\lectures\week-02-lecture.md,ok,ok
16-adas-driver-assistance,C:\Automotive and Diesel LMS\content\courses\16-adas-driver-assistance\lectures\week-03-lecture.md,ok,ok
16-adas-driver-assistance,C:\Automotive and Diesel LMS\content\courses\16-adas-driver-assistance\lectures\week-04-lecture.md,ok,ok
16-adas-driver-assistance,C:\Automotive and Diesel LMS\content\courses\16-adas-driver-assistance\lectures\week-05-lecture.md,ok,ok
16-adas-driver-assistance,C:\Automotive and Diesel LMS\content\courses\16-adas-driver-assistance\lectures\week-06-lecture.md,ok,ok
16-adas-driver-assistance,C:\Automotive and Diesel LMS\content\courses\16-adas-driver-assistance\lectures\week-07-lecture.md,ok,ok
16-adas-driver-assistance,C:\Automotive and Diesel LMS\content\courses\16-adas-driver-assistance\lectures\week-08-lecture.md,ok,ok
16-adas-driver-assistance,C:\Automotive and Diesel LMS\content\courses\16-adas-driver-assistance\lectures\week-09-lecture.md,ok,ok
16-adas-driver-assistance,C:\Automotive and Diesel LMS\content\courses\16-adas-driver-assistance\lectures\week-10-lecture.md,ok,ok
17-diesel-emissions-control,C:\Automotive and Diesel LMS\content\courses\17-diesel-emissions-control\lectures\week-01-lecture.md,ok,ok
17-diesel-emissions-control,C:\Automotive and Diesel LMS\content\courses\17-diesel-emissions-control\lectures\week-02-lecture.md,ok,ok
17-diesel-emissions-control,C:\Automotive and Diesel LMS\content\courses\17-diesel-emissions-control\lectures\week-03-lecture.md,ok,ok
17-diesel-emissions-control,C:\Automotive and Diesel LMS\content\courses\17-diesel-emissions-control\lectures\week-04-lecture.md,ok,ok
17-diesel-emissions-control,C:\Automotive and Diesel LMS\content\courses\17-diesel-emissions-control\lectures\week-05-lecture.md,ok,ok
17-diesel-emissions-control,C:\Automotive and Diesel LMS\content\courses\17-diesel-emissions-control\lectures\week-06-lecture.md,ok,ok
17-diesel-emissions-control,C:\Automotive and Diesel LMS\content\courses\17-diesel-emissions-control\lectures\week-07-lecture.md,ok,ok
17-diesel-emissions-control,C:\Automotive and Diesel LMS\content\courses\17-diesel-emissions-control\lectures\week-08-lecture.md,ok,ok
17-diesel-emissions-control,C:\Automotive and Diesel LMS\content\courses\17-diesel-emissions-control\lectures\week-09-lecture.md,ok,ok
17-diesel-emissions-control,C:\Automotive and Diesel LMS\content\courses\17-diesel-emissions-control\lectures\week-10-lecture.md,ok,ok
18-heavy-duty-truck-systems,C:\Automotive and Diesel LMS\content\courses\18-heavy-duty-truck-systems\lectures\week-01-lecture.md,ok,ok
18-heavy-duty-truck-systems,C:\Automotive and Diesel LMS\content\courses\18-heavy-duty-truck-systems\lectures\week-02-lecture.md,ok,ok
18-heavy-duty-truck-systems,C:\Automotive and Diesel LMS\content\courses\18-heavy-duty-truck-systems\lectures\week-03-lecture.md,ok,ok
18-heavy-duty-truck-systems,C:\Automotive and Diesel LMS\content\courses\18-heavy-duty-truck-systems\lectures\week-04-lecture.md,ok,ok
18-heavy-duty-truck-systems,C:\Automotive and Diesel LMS\content\courses\18-heavy-duty-truck-systems\lectures\week-05-lecture.md,ok,ok
18-heavy-duty-truck-systems,C:\Automotive and Diesel LMS\content\courses\18-heavy-duty-truck-systems\lectures\week-06-lecture.md,ok,ok
18-heavy-duty-truck-systems,C:\Automotive and Diesel LMS\content\courses\18-heavy-duty-truck-systems\lectures\week-07-lecture.md,ok,ok
18-heavy-duty-truck-systems,C:\Automotive and Diesel LMS\content\courses\18-heavy-duty-truck-systems\lectures\week-08-lecture.md,ok,ok
18-heavy-duty-truck-systems,C:\Automotive and Diesel LMS\content\courses\18-heavy-duty-truck-systems\lectures\week-09-lecture.md,ok,ok
18-heavy-duty-truck-systems,C:\Automotive and Diesel LMS\content\courses\18-heavy-duty-truck-systems\lectures\week-10-lecture.md,ok,ok
19-high-voltage-systems-service,C:\Automotive and Diesel LMS\content\courses\19-high-voltage-systems-service\lectures\week-01-lecture.md,ok,ok
19-high-voltage-systems-service,C:\Automotive and Diesel LMS\content\courses\19-high-voltage-systems-service\lectures\week-02-lecture.md,ok,ok
19-high-voltage-systems-service,C:\Automotive and Diesel LMS\content\courses\19-high-voltage-systems-service\lectures\week-03-lecture.md,ok,ok
19-high-voltage-systems-service,C:\Automotive and Diesel LMS\content\courses\19-high-voltage-systems-service\lectures\week-04-lecture.md,ok,ok
19-high-voltage-systems-service,C:\Automotive and Diesel LMS\content\courses\19-high-voltage-systems-service\lectures\week-05-lecture.md,ok,ok
19-high-voltage-systems-service,C:\Automotive and Diesel LMS\content\courses\19-high-voltage-systems-service\lectures\week-06-lecture.md,ok,ok
19-high-voltage-systems-service,C:\Automotive and Diesel LMS\content\courses\19-high-voltage-systems-service\lectures\week-07-lecture.md,ok,ok
19-high-voltage-systems-service,C:\Automotive and Diesel LMS\content\courses\19-high-voltage-systems-service\lectures\week-08-lecture.md,ok,ok
19-high-voltage-systems-service,C:\Automotive and Diesel LMS\content\courses\19-high-voltage-systems-service\lectures\week-09-lecture.md,ok,ok
19-high-voltage-systems-service,C:\Automotive and Diesel LMS\content\courses\19-high-voltage-systems-service\lectures\week-10-lecture.md,ok,ok
20-ev-charging-infrastructure,C:\Automotive and Diesel LMS\content\courses\20-ev-charging-infrastructure\lectures\week-01-lecture.md,ok,ok
20-ev-charging-infrastructure,C:\Automotive and Diesel LMS\content\courses\20-ev-charging-infrastructure\lectures\week-02-lecture.md,ok,ok
20-ev-charging-infrastructure,C:\Automotive and Diesel LMS\content\courses\20-ev-charging-infrastructure\lectures\week-03-lecture.md,ok,ok
20-ev-charging-infrastructure,C:\Automotive and Diesel LMS\content\courses\20-ev-charging-infrastructure\lectures\week-04-lecture.md,ok,ok
20-ev-charging-infrastructure,C:\Automotive and Diesel LMS\content\courses\20-ev-charging-infrastructure\lectures\week-05-lecture.md,ok,ok
20-ev-charging-infrastructure,C:\Automotive and Diesel LMS\content\courses\20-ev-charging-infrastructure\lectures\week-06-lecture.md,ok,ok
20-ev-charging-infrastructure,C:\Automotive and Diesel LMS\content\courses\20-ev-charging-infrastructure\lectures\week-07-lecture.md,ok,ok
20-ev-charging-infrastructure,C:\Automotive and Diesel LMS\content\courses\20-ev-charging-infrastructure\lectures\week-08-lecture.md,ok,ok
20-ev-charging-infrastructure,C:\Automotive and Diesel LMS\content\courses\20-ev-charging-infrastructure\lectures\week-09-lecture.md,ok,ok
20-ev-charging-infrastructure,C:\Automotive and Diesel LMS\content\courses\20-ev-charging-infrastructure\lectures\week-10-lecture.md,ok,ok
21-advanced-battery-management,C:\Automotive and Diesel LMS\content\courses\21-advanced-battery-management\lectures\week-01-lecture.md,ok,ok
21-advanced-battery-management,C:\Automotive and Diesel LMS\content\courses\21-advanced-battery-management\lectures\week-02-lecture.md,ok,ok
21-advanced-battery-management,C:\Automotive and Diesel LMS\content\courses\21-advanced-battery-management\lectures\week-03-lecture.md,ok,ok
21-advanced-battery-management,C:\Automotive and Diesel LMS\content\courses\21-advanced-battery-management\lectures\week-04-lecture.md,ok,ok
21-advanced-battery-management,C:\Automotive and Diesel LMS\content\courses\21-advanced-battery-management\lectures\week-05-lecture.md,ok,ok
21-advanced-battery-management,C:\Automotive and Diesel LMS\content\courses\21-advanced-battery-management\lectures\week-06-lecture.md,ok,ok
21-advanced-battery-management,C:\Automotive and Diesel LMS\content\courses\21-advanced-battery-management\lectures\week-07-lecture.md,ok,ok
21-advanced-battery-management,C:\Automotive and Diesel LMS\content\courses\21-advanced-battery-management\lectures\week-08-lecture.md,ok,ok
21-advanced-battery-management,C:\Automotive and Diesel LMS\content\courses\21-advanced-battery-management\lectures\week-09-lecture.md,ok,ok
21-advanced-battery-management,C:\Automotive and Diesel LMS\content\courses\21-advanced-battery-management\lectures\week-10-lecture.md,ok,ok
22-fleet-management-and-operations,C:\Automotive and Diesel LMS\content\courses\22-fleet-management-and-operations\lectures\week-01-lecture.md,ok,ok
22-fleet-management-and-operations,C:\Automotive and Diesel LMS\content\courses\22-fleet-management-and-operations\lectures\week-02-lecture.md,ok,ok
22-fleet-management-and-operations,C:\Automotive and Diesel LMS\content\courses\22-fleet-management-and-operations\lectures\week-03-lecture.md,ok,ok
22-fleet-management-and-operations,C:\Automotive and Diesel LMS\content\courses\22-fleet-management-and-operations\lectures\week-04-lecture.md,ok,ok
22-fleet-management-and-operations,C:\Automotive and Diesel LMS\content\courses\22-fleet-management-and-operations\lectures\week-05-lecture.md,ok,ok
22-fleet-management-and-operations,C:\Automotive and Diesel LMS\content\courses\22-fleet-management-and-operations\lectures\week-06-lecture.md,ok,ok
22-fleet-management-and-operations,C:\Automotive and Diesel LMS\content\courses\22-fleet-management-and-operations\lectures\week-07-lecture.md,ok,ok
22-fleet-management-and-operations,C:\Automotive and Diesel LMS\content\courses\22-fleet-management-and-operations\lectures\week-08-lecture.md,ok,ok
22-fleet-management-and-operations,C:\Automotive and Diesel LMS\content\courses\22-fleet-management-and-operations\lectures\week-09-lecture.md,ok,ok
22-fleet-management-and-operations,C:\Automotive and Diesel LMS\content\courses\22-fleet-management-and-operations\lectures\week-10-lecture.md,ok,ok
22-fleet-management-operations,C:\Automotive and Diesel LMS\content\courses\22-fleet-management-operations\lectures\week-01-lecture.md,ok,ok
22-fleet-management-operations,C:\Automotive and Diesel LMS\content\courses\22-fleet-management-operations\lectures\week-02-lecture.md,ok,ok
22-fleet-management-operations,C:\Automotive and Diesel LMS\content\courses\22-fleet-management-operations\lectures\week-03-lecture.md,ok,ok
22-fleet-management-operations,C:\Automotive and Diesel LMS\content\courses\22-fleet-management-operations\lectures\week-04-lecture.md,ok,ok
22-fleet-management-operations,C:\Automotive and Diesel LMS\content\courses\22-fleet-management-operations\lectures\week-05-lecture.md,ok,ok
22-fleet-management-operations,C:\Automotive and Diesel LMS\content\courses\22-fleet-management-operations\lectures\week-06-lecture.md,ok,ok
22-fleet-management-operations,C:\Automotive and Diesel LMS\content\courses\22-fleet-management-operations\lectures\week-07-lecture.md,ok,ok
22-fleet-management-operations,C:\Automotive and Diesel LMS\content\courses\22-fleet-management-operations\lectures\week-08-lecture.md,ok,ok
22-fleet-management-operations,C:\Automotive and Diesel LMS\content\courses\22-fleet-management-operations\lectures\week-09-lecture.md,ok,ok
22-fleet-management-operations,C:\Automotive and Diesel LMS\content\courses\22-fleet-management-operations\lectures\week-10-lecture.md,ok,ok
23-capstone-project,C:\Automotive and Diesel LMS\content\courses\23-capstone-project\lectures\week-01-lecture.md,ok,ok
23-capstone-project,C:\Automotive and Diesel LMS\content\courses\23-capstone-project\lectures\week-02-lecture.md,ok,ok
23-capstone-project,C:\Automotive and Diesel LMS\content\courses\23-capstone-project\lectures\week-03-lecture.md,ok,ok
23-capstone-project,C:\Automotive and Diesel LMS\content\courses\23-capstone-project\lectures\week-04-lecture.md,ok,ok
23-capstone-project,C:\Automotive and Diesel LMS\content\courses\23-capstone-project\lectures\week-05-lecture.md,ok,ok
23-capstone-project,C:\Automotive and Diesel LMS\content\courses\23-capstone-project\lectures\week-06-lecture.md,ok,ok
23-capstone-project,C:\Automotive and Diesel LMS\content\courses\23-capstone-project\lectures\week-07-lecture.md,ok,ok
23-capstone-project,C:\Automotive and Diesel LMS\content\courses\23-capstone-project\lectures\week-08-lecture.md,ok,ok
23-capstone-project,C:\Automotive and Diesel LMS\content\courses\23-capstone-project\lectures\week-09-lecture.md,ok,ok
23-capstone-project,C:\Automotive and Diesel LMS\content\courses\23-capstone-project\lectures\week-10-lecture.md,ok,ok
24-diesel-technology-capstone,C:\Automotive and Diesel LMS\content\courses\24-diesel-technology-capstone\lectures\week-01-lecture.md,ok,ok
24-diesel-technology-capstone,C:\Automotive and Diesel LMS\content\courses\24-diesel-technology-capstone\lectures\week-02-lecture.md,ok,ok
24-diesel-technology-capstone,C:\Automotive and Diesel LMS\content\courses\24-diesel-technology-capstone\lectures\week-03-lecture.md,ok,ok
24-diesel-technology-capstone,C:\Automotive and Diesel LMS\content\courses\24-diesel-technology-capstone\lectures\week-04-lecture.md,ok,ok
24-diesel-technology-capstone,C:\Automotive and Diesel LMS\content\courses\24-diesel-technology-capstone\lectures\week-05-lecture.md,ok,ok
24-diesel-technology-capstone,C:\Automotive and Diesel LMS\content\courses\24-diesel-technology-capstone\lectures\week-06-lecture.md,ok,ok
24-diesel-technology-capstone,C:\Automotive and Diesel LMS\content\courses\24-diesel-technology-capstone\lectures\week-07-lecture.md,ok,ok
24-diesel-technology-capstone,C:\Automotive and Diesel LMS\content\courses\24-diesel-technology-capstone\lectures\week-08-lecture.md,ok,ok
24-diesel-technology-capstone,C:\Automotive and Diesel LMS\content\courses\24-diesel-technology-capstone\lectures\week-09-lecture.md,ok,ok
24-diesel-technology-capstone,C:\Automotive and Diesel LMS\content\courses\24-diesel-technology-capstone\lectures\week-10-lecture.md,ok,ok
25-electric-vehicle-capstone,C:\Automotive and Diesel LMS\content\courses\25-electric-vehicle-capstone\lectures\week-01-lecture.md,ok,ok
25-electric-vehicle-capstone,C:\Automotive and Diesel LMS\content\courses\25-electric-vehicle-capstone\lectures\week-02-lecture.md,ok,ok
25-electric-vehicle-capstone,C:\Automotive and Diesel LMS\content\courses\25-electric-vehicle-capstone\lectures\week-03-lecture.md,ok,ok
25-electric-vehicle-capstone,C:\Automotive and Diesel LMS\content\courses\25-electric-vehicle-capstone\lectures\week-04-lecture.md,ok,ok
25-electric-vehicle-capstone,C:\Automotive and Diesel LMS\content\courses\25-electric-vehicle-capstone\lectures\week-05-lecture.md,ok,ok
25-electric-vehicle-capstone,C:\Automotive and Diesel LMS\content\courses\25-electric-vehicle-capstone\lectures\week-06-lecture.md,ok,ok
25-electric-vehicle-capstone,C:\Automotive and Diesel LMS\content\courses\25-electric-vehicle-capstone\lectures\week-07-lecture.md,ok,ok
25-electric-vehicle-capstone,C:\Automotive and Diesel LMS\content\courses\25-electric-vehicle-capstone\lectures\week-08-lecture.md,ok,ok
25-electric-vehicle-capstone,C:\Automotive and Diesel LMS\content\courses\25-electric-vehicle-capstone\lectures\week-09-lecture.md,ok,ok
25-electric-vehicle-capstone,C:\Automotive and Diesel LMS\content\courses\25-electric-vehicle-capstone\lectures\week-10-lecture.md,ok,ok
