file,has_contents,has_course_hero,has_nav_root,has_body_close
content\courses\01-brake-systems-(ase-a5)\site\index.html,1,1,1,1
content\courses\01-brake-systems-ase-a5\site\index.html,1,1,1,1
content\courses\02-engine-performance-i\site\index.html,1,1,1,1
content\courses\03-electrical-systems-fundamentals\site\index.html,1,1,1,1
content\courses\04-suspension-and-steering\site\index.html,1,1,1,1
content\courses\04-suspension-steering\site\index.html,1,1,1,1
content\courses\05-automatic-transmissions\site\index.html,1,1,1,1
content\courses\06-diesel-engine-operation\site\index.html,1,1,1,1
content\courses\07-diesel-fuel-systems\site\index.html,1,1,1,1
content\courses\08-air-intake-and-exhaust-systems\site\index.html,1,1,1,1
content\courses\08-air-intake-exhaust-systems\site\index.html,1,1,1,1
content\courses\09-electric-vehicle-fundamentals\site\index.html,1,1,1,1
content\courses\10-hybrid-vehicle-systems\site\index.html,1,1,1,1
content\courses\11-ev-battery-technology\site\index.html,1,1,1,1
content\courses\12-virtual-lab-safety-and-tools\site\index.html,1,1,1,1
content\courses\12-virtual-lab-safety-tools\site\index.html,1,1,1,1
content\courses\13-virtual-diagnostic-procedures\site\index.html,1,1,1,1
content\courses\14-advanced-engine-diagnostics\site\index.html,1,1,1,1
content\courses\15-automotive-network-systems\site\index.html,1,1,1,1
content\courses\16-adas-and-driver-assistance\site\index.html,1,1,1,1
content\courses\16-adas-driver-assistance\site\index.html,1,1,1,1
content\courses\17-diesel-emissions-control\site\index.html,1,1,1,1
content\courses\18-heavy-duty-truck-systems\site\index.html,1,1,1,1
content\courses\19-high-voltage-systems-service\site\index.html,1,1,1,1
content\courses\20-ev-charging-infrastructure\site\index.html,1,1,1,1
content\courses\21-advanced-battery-management\site\index.html,1,1,1,1
content\courses\22-fleet-management-and-operations\site\index.html,1,1,1,1
content\courses\22-fleet-management-operations\site\index.html,1,1,1,1
content\courses\23-capstone-project\site\index.html,1,1,1,1
content\courses\24-diesel-technology-capstone\site\index.html,1,1,1,1
content\courses\25-electric-vehicle-capstone\site\index.html,1,1,1,1
